Country,region,year,type,value
Afghanistan,Asia,2019,life_expectancy,0.361
Albania,Europe,2019,life_expectancy,0.874
Algeria,Africa,2019,life_expectancy,0.785
Argentina,South America,2019,life_expectancy,0.881
Armenia,Asia,2019,life_expectancy,0.815
Australia,Oceania,2019,life_expectancy,1.036
Austria,Europe,2019,life_expectancy,1.016
Azerbaijan,Asia,2019,life_expectancy,0.769
Bahrain,Asia,2019,life_expectancy,0.871
Bangladesh,Asia,2019,life_expectancy,0.723
Belarus,Europe,2019,life_expectancy,0.789
Belgium,Europe,2019,life_expectancy,0.986
Benin,Africa,2019,life_expectancy,0.397
Bhutan,Asia,2019,life_expectancy,0.604
Bolivia,South America,2019,life_expectancy,0.706
Bosnia and Herzegovina,Europe,2019,life_expectancy,0.845
Botswana,Africa,2019,life_expectancy,0.538
Brazil,South America,2019,life_expectancy,0.802
Bulgaria,Europe,2019,life_expectancy,0.815
Burkina Faso,Africa,2019,life_expectancy,0.38
Burundi,Africa,2019,life_expectancy,0.38
Cambodia,Asia,2019,life_expectancy,0.637
Cameroon,Africa,2019,life_expectancy,0.331
Canada,North America,2019,life_expectancy,1.039
Central African Republic,Africa,2019,life_expectancy,0.105
Chad,Africa,2019,life_expectancy,0.192
Chile,South America,2019,life_expectancy,0.92
China,Asia,2019,life_expectancy,0.893
Colombia,South America,2019,life_expectancy,0.841
Comoros,Africa,2019,life_expectancy,0.505
Congo (Brazzaville),Africa,2019,life_expectancy,0.508
Congo (Kinshasa),Africa,2019,life_expectancy,0.357
Costa Rica,North America,2019,life_expectancy,0.963
Croatia,Europe,2019,life_expectancy,0.914
Cyprus,Europe,2019,life_expectancy,1.042
Czech Republic,Europe,2019,life_expectancy,0.92
Denmark,Europe,2019,life_expectancy,0.996
Dominican Republic,North America,2019,life_expectancy,0.779
Ecuador,South America,2019,life_expectancy,0.868
Egypt,Africa,2019,life_expectancy,0.644
El Salvador,North America,2019,life_expectancy,0.789
Estonia,Europe,2019,life_expectancy,0.874
Ethiopia,Africa,2019,life_expectancy,0.532
Finland,Europe,2019,life_expectancy,0.986
France,Europe,2019,life_expectancy,1.045
Gabon,Africa,2019,life_expectancy,0.571
Gambia,Africa,2019,life_expectancy,0.428
Georgia,Asia,2019,life_expectancy,0.752
Germany,Europe,2019,life_expectancy,0.987
Ghana,Africa,2019,life_expectancy,0.486
Greece,Europe,2019,life_expectancy,0.999
Guatemala,North America,2019,life_expectancy,0.746
Guinea,Africa,2019,life_expectancy,0.375
Haiti,North America,2019,life_expectancy,0.449
Honduras,North America,2019,life_expectancy,0.828
Hong Kong,Asia,2019,life_expectancy,1.122
Hungary,Europe,2019,life_expectancy,0.828
Iceland,Europe,2019,life_expectancy,1.026
India,Asia,2019,life_expectancy,0.588
Indonesia,Asia,2019,life_expectancy,0.66
Iran,Asia,2019,life_expectancy,0.785
Iraq,Asia,2019,life_expectancy,0.574
Ireland,Europe,2019,life_expectancy,0.999
Israel,Asia,2019,life_expectancy,1.029
Italy,Europe,2019,life_expectancy,1.039
Ivory Coast,Africa,2019,life_expectancy,0.232
Jamaica,North America,2019,life_expectancy,0.831
Japan,Asia,2019,life_expectancy,1.088
Jordan,Asia,2019,life_expectancy,0.815
Kazakhstan,Asia,2019,life_expectancy,0.729
Kenya,Africa,2019,life_expectancy,0.581
Kosovo,Europe,2019,life_expectancy,0.758
Kuwait,Asia,2019,life_expectancy,0.808
Kyrgyzstan,Asia,2019,life_expectancy,0.723
Laos,Asia,2019,life_expectancy,0.551
Latvia,Europe,2019,life_expectancy,0.812
Lebanon,Asia,2019,life_expectancy,0.815
Lesotho,Africa,2019,life_expectancy,0.168
Liberia,Africa,2019,life_expectancy,0.443
Libya,Africa,2019,life_expectancy,0.673
Lithuania,Europe,2019,life_expectancy,0.818
Luxembourg,Europe,2019,life_expectancy,1.012
Madagascar,Africa,2019,life_expectancy,0.555
Malawi,Africa,2019,life_expectancy,0.495
Malaysia,Asia,2019,life_expectancy,0.828
Mali,Africa,2019,life_expectancy,0.308
Malta,Europe,2019,life_expectancy,0.999
Mauritania,Africa,2019,life_expectancy,0.489
Mauritius,Africa,2019,life_expectancy,0.798
Mexico,North America,2019,life_expectancy,0.861
Moldova,Europe,2019,life_expectancy,0.739
Mongolia,Asia,2019,life_expectancy,0.667
Montenegro,Europe,2019,life_expectancy,0.871
Morocco,Africa,2019,life_expectancy,0.782
Mozambique,Africa,2019,life_expectancy,0.39
Myanmar,Asia,2019,life_expectancy,0.555
Namibia,Africa,2019,life_expectancy,0.477
Nepal,Asia,2019,life_expectancy,0.677
Netherlands,Europe,2019,life_expectancy,0.999
New Zealand,Oceania,2019,life_expectancy,1.026
Nicaragua,North America,2019,life_expectancy,0.835
Niger,Africa,2019,life_expectancy,0.366
Nigeria,Africa,2019,life_expectancy,0.245
North Macedonia,Europe,2019,life_expectancy,0.838
Northern Cyprus,Asia,2019,life_expectancy,1.042
Norway,Europe,2019,life_expectancy,1.028
Pakistan,Asia,2019,life_expectancy,0.535
Palestinian Territories,Asia,2019,life_expectancy,0.672
Panama,North America,2019,life_expectancy,0.91
Paraguay,South America,2019,life_expectancy,0.777
Peru,South America,2019,life_expectancy,0.854
Philippines,Asia,2019,life_expectancy,0.657
Poland,Europe,2019,life_expectancy,0.884
Portugal,Europe,2019,life_expectancy,0.999
Qatar,Asia,2019,life_expectancy,0.871
Romania,Europe,2019,life_expectancy,0.825
Russia,Europe,2019,life_expectancy,0.726
Rwanda,Africa,2019,life_expectancy,0.614
Saudi Arabia,Asia,2019,life_expectancy,0.795
Senegal,Africa,2019,life_expectancy,0.571
Serbia,Europe,2019,life_expectancy,0.854
Sierra Leone,Africa,2019,life_expectancy,0.242
Singapore,Asia,2019,life_expectancy,1.141
Slovakia,Europe,2019,life_expectancy,0.881
Slovenia,Europe,2019,life_expectancy,0.953
Somalia,Africa,2019,life_expectancy,0.268
South Africa,Africa,2019,life_expectancy,0.469
South Korea,Asia,2019,life_expectancy,1.036
South Sudan,Africa,2019,life_expectancy,0.295
Spain,Europe,2019,life_expectancy,1.062
Sri Lanka,Asia,2019,life_expectancy,0.831
Swaziland,Africa,2019,life_expectancy,0
Sweden,Europe,2019,life_expectancy,1.009
Switzerland,Europe,2019,life_expectancy,1.052
Syria,Asia,2019,life_expectancy,0.44
Taiwan,Asia,2019,life_expectancy,0.914
Tajikistan,Asia,2019,life_expectancy,0.718
Tanzania,Africa,2019,life_expectancy,0.499
Thailand,Asia,2019,life_expectancy,0.828
Togo,Africa,2019,life_expectancy,0.41
Trinidad & Tobago,South America,2019,life_expectancy,0.713
Tunisia,Africa,2019,life_expectancy,0.815
Turkey,Asia,2019,life_expectancy,0.808
Turkmenistan,Asia,2019,life_expectancy,0.657
Uganda,Africa,2019,life_expectancy,0.443
Ukraine,Europe,2019,life_expectancy,0.739
United Arab Emirates,Asia,2019,life_expectancy,0.825
United Kingdom,Europe,2019,life_expectancy,0.996
United States,North America,2019,life_expectancy,0.874
Uruguay,South America,2019,life_expectancy,0.891
Uzbekistan,Asia,2019,life_expectancy,0.756
Venezuela,South America,2019,life_expectancy,0.805
Vietnam,Asia,2019,life_expectancy,0.851
Yemen,Asia,2019,life_expectancy,0.463
Zambia,Africa,2019,life_expectancy,0.426
Zimbabwe,Africa,2019,life_expectancy,0.433
Afghanistan,Asia,2018,life_expectancy,0.255
Albania,Europe,2018,life_expectancy,0.79
Algeria,Africa,2018,life_expectancy,0.687
Argentina,South America,2018,life_expectancy,0.744
Armenia,Asia,2018,life_expectancy,0.666
Australia,Oceania,2018,life_expectancy,0.91
Austria,Europe,2018,life_expectancy,0.891
Azerbaijan,Asia,2018,life_expectancy,0.603
Bahrain,Asia,2018,life_expectancy,0.698
Bangladesh,Asia,2018,life_expectancy,0.579
Belarus,Europe,2018,life_expectancy,0.7
Belgium,Europe,2018,life_expectancy,0.894
Benin,Africa,2018,life_expectancy,0.24
Bhutan,Asia,2018,life_expectancy,0.527
Bolivia,South America,2018,life_expectancy,0.508
Bosnia and Herzegovina,Europe,2018,life_expectancy,0.758
Botswana,Africa,2018,life_expectancy,0.417
Brazil,South America,2018,life_expectancy,0.675
Bulgaria,Europe,2018,life_expectancy,0.712
Burkina Faso,Africa,2018,life_expectancy,0.254
Burundi,Africa,2018,life_expectancy,0.145
Cambodia,Asia,2018,life_expectancy,0.457
Cameroon,Africa,2018,life_expectancy,0.182
Canada,North America,2018,life_expectancy,0.896
Central African Republic,Africa,2018,life_expectancy,0.01
Chad,Africa,2018,life_expectancy,0.053
Chile,South America,2018,life_expectancy,0.808
China,Asia,2018,life_expectancy,0.799
Colombia,South America,2018,life_expectancy,0.635
Comoros,Africa,2018,life_expectancy,0
Congo (Brazzaville),Africa,2018,life_expectancy,0.343
Congo (Kinshasa),Africa,2018,life_expectancy,0.204
Costa Rica,North America,2018,life_expectancy,0.817
Croatia,Europe,2018,life_expectancy,0.737
Cyprus,Europe,2018,life_expectancy,0.909
Czech Republic,Europe,2018,life_expectancy,0.854
Denmark,Europe,2018,life_expectancy,0.868
Dominican Republic,North America,2018,life_expectancy,0.614
Ecuador,South America,2018,life_expectancy,0.736
Egypt,Africa,2018,life_expectancy,0.553
El Salvador,North America,2018,life_expectancy,0.639
Estonia,Europe,2018,life_expectancy,0.737
Ethiopia,Africa,2018,life_expectancy,0.391
Finland,Europe,2018,life_expectancy,0.874
France,Europe,2018,life_expectancy,0.908
Gabon,Africa,2018,life_expectancy,0.404
Gambia,Africa,2018,life_expectancy,0
Georgia,Asia,2018,life_expectancy,0.643
Germany,Europe,2018,life_expectancy,0.861
Ghana,Africa,2018,life_expectancy,0.337
Greece,Europe,2018,life_expectancy,0.879
Guatemala,North America,2018,life_expectancy,0.608
Guinea,Africa,2018,life_expectancy,0.211
Haiti,North America,2018,life_expectancy,0.289
Honduras,North America,2018,life_expectancy,0.622
Hong Kong,Asia,2018,life_expectancy,1.03
Hungary,Europe,2018,life_expectancy,0.732
Iceland,Europe,2018,life_expectancy,0.914
India,Asia,2018,life_expectancy,0.485
Indonesia,Asia,2018,life_expectancy,0.522
Iran,Asia,2018,life_expectancy,0.691
Iraq,Asia,2018,life_expectancy,0.536
Ireland,Europe,2018,life_expectancy,0.876
Israel,Asia,2018,life_expectancy,0.883
Italy,Europe,2018,life_expectancy,0.946
Ivory Coast,Africa,2018,life_expectancy,0.08
Jamaica,North America,2018,life_expectancy,0.693
Japan,Asia,2018,life_expectancy,0.988
Jordan,Asia,2018,life_expectancy,0.645
Kazakhstan,Asia,2018,life_expectancy,0.631
Kenya,Africa,2018,life_expectancy,0.454
Kosovo,Europe,2018,life_expectancy,0.578
Kuwait,Asia,2018,life_expectancy,0.675
Kyrgyzstan,Asia,2018,life_expectancy,0.594
Laos,Asia,2018,life_expectancy,0.441
Latvia,Europe,2018,life_expectancy,0.671
Lebanon,Asia,2018,life_expectancy,0.785
Lesotho,Africa,2018,life_expectancy,0.079
Liberia,Africa,2018,life_expectancy,0.267
Libya,Africa,2018,life_expectancy,0.553
Lithuania,Europe,2018,life_expectancy,0.716
Luxembourg,Europe,2018,life_expectancy,0.896
Madagascar,Africa,2018,life_expectancy,0.402
Malawi,Africa,2018,life_expectancy,0.306
Malaysia,Asia,2018,life_expectancy,0.669
Mali,Africa,2018,life_expectancy,0.152
Malta,Europe,2018,life_expectancy,0.884
Mauritania,Africa,2018,life_expectancy,0.292
Mauritius,Africa,2018,life_expectancy,0.684
Mexico,North America,2018,life_expectancy,0.761
Moldova,Europe,2018,life_expectancy,0.62
Mongolia,Asia,2018,life_expectancy,0.575
Montenegro,Europe,2018,life_expectancy,0.729
Morocco,Africa,2018,life_expectancy,0.669
Mozambique,Africa,2018,life_expectancy,0.173
Myanmar,Asia,2018,life_expectancy,0.429
Namibia,Africa,2018,life_expectancy,0.365
Nepal,Asia,2018,life_expectancy,0.539
Netherlands,Europe,2018,life_expectancy,0.878
New Zealand,Oceania,2018,life_expectancy,0.876
Nicaragua,North America,2018,life_expectancy,0.7
Niger,Africa,2018,life_expectancy,0.221
Nigeria,Africa,2018,life_expectancy,0.048
North Macedonia,Europe,2018,life_expectancy,0
Northern Cyprus,Asia,2018,life_expectancy,0.909
Norway,Europe,2018,life_expectancy,0.861
Pakistan,Asia,2018,life_expectancy,0.424
Palestinian Territories,Asia,2018,life_expectancy,0.602
Panama,North America,2018,life_expectancy,0.759
Paraguay,South America,2018,life_expectancy,0.615
Peru,South America,2018,life_expectancy,0.674
Philippines,Asia,2018,life_expectancy,0.513
Poland,Europe,2018,life_expectancy,0.781
Portugal,Europe,2018,life_expectancy,0.884
Qatar,Asia,2018,life_expectancy,0.748
Romania,Europe,2018,life_expectancy,0.726
Russia,Europe,2018,life_expectancy,0.599
Rwanda,Africa,2018,life_expectancy,0.4
Saudi Arabia,Asia,2018,life_expectancy,0.633
Senegal,Africa,2018,life_expectancy,0.433
Serbia,Europe,2018,life_expectancy,0.685
Sierra Leone,Africa,2018,life_expectancy,0
Singapore,Asia,2018,life_expectancy,1.008
Slovakia,Europe,2018,life_expectancy,0.776
Slovenia,Europe,2018,life_expectancy,0.856
Somalia,Africa,2018,life_expectancy,0.115
South Africa,Africa,2018,life_expectancy,0.33
South Korea,Asia,2018,life_expectancy,0.955
South Sudan,Africa,2018,life_expectancy,0.177
Spain,Europe,2018,life_expectancy,0.965
Sri Lanka,Asia,2018,life_expectancy,0.672
Swaziland,Africa,2018,life_expectancy,0
Sweden,Europe,2018,life_expectancy,0.913
Switzerland,Europe,2018,life_expectancy,0.927
Syria,Asia,2018,life_expectancy,0.539
Taiwan,Asia,2018,life_expectancy,0.857
Tajikistan,Asia,2018,life_expectancy,0.598
Tanzania,Africa,2018,life_expectancy,0.381
Thailand,Asia,2018,life_expectancy,0.707
Togo,Africa,2018,life_expectancy,0.253
Trinidad & Tobago,South America,2018,life_expectancy,0.564
Tunisia,Africa,2018,life_expectancy,0.69
Turkey,Asia,2018,life_expectancy,0.686
Turkmenistan,Asia,2018,life_expectancy,0.517
Uganda,Africa,2018,life_expectancy,0.237
Ukraine,Europe,2018,life_expectancy,0.609
United Arab Emirates,Asia,2018,life_expectancy,0.67
United Kingdom,Europe,2018,life_expectancy,0.888
United States,North America,2018,life_expectancy,0.819
Uruguay,South America,2018,life_expectancy,0.771
Uzbekistan,Asia,2018,life_expectancy,0.605
Venezuela,South America,2018,life_expectancy,0.657
Vietnam,Asia,2018,life_expectancy,0.702
Yemen,Asia,2018,life_expectancy,0.343
Zambia,Africa,2018,life_expectancy,0.295
Zimbabwe,Africa,2018,life_expectancy,0.248
Afghanistan,Asia,2017,life_expectancy,0.181
Albania,Europe,2017,life_expectancy,0.731
Algeria,Africa,2017,life_expectancy,0.618
Argentina,South America,2017,life_expectancy,0.695
Armenia,Asia,2017,life_expectancy,0.638
Australia,Oceania,2017,life_expectancy,0.844
Austria,Europe,2017,life_expectancy,0.815
Azerbaijan,Asia,2017,life_expectancy,0.541
Bahrain,Asia,2017,life_expectancy,0.653
Bangladesh,Asia,2017,life_expectancy,0.533
Belarus,Europe,2017,life_expectancy,0.638
Belgium,Europe,2017,life_expectancy,0.818
Benin,Africa,2017,life_expectancy,0.21
Bhutan,Asia,2017,life_expectancy,0.496
Bolivia,South America,2017,life_expectancy,0.474
Bosnia and Herzegovina,Europe,2017,life_expectancy,0.705
Botswana,Africa,2017,life_expectancy,0.342
Brazil,South America,2017,life_expectancy,0.617
Bulgaria,Europe,2017,life_expectancy,0.708
Burkina Faso,Africa,2017,life_expectancy,0.216
Burundi,Africa,2017,life_expectancy,0.152
Cambodia,Asia,2017,life_expectancy,0.43
Cameroon,Africa,2017,life_expectancy,0.133
Canada,North America,2017,life_expectancy,0.835
Central African Republic,Africa,2017,life_expectancy,0.019
Chad,Africa,2017,life_expectancy,0.041
Chile,South America,2017,life_expectancy,0.819
China,Asia,2017,life_expectancy,0.741
Colombia,South America,2017,life_expectancy,0.595
Comoros,Africa,2017,life_expectancy,0
Congo (Brazzaville),Africa,2017,life_expectancy,0.29
Congo (Kinshasa),Africa,2017,life_expectancy,0.191
Costa Rica,North America,2017,life_expectancy,0.76
Croatia,Europe,2017,life_expectancy,0.701
Cyprus,Europe,2017,life_expectancy,0.845
Czech Republic,Europe,2017,life_expectancy,0.754
Denmark,Europe,2017,life_expectancy,0.793
Dominican Republic,North America,2017,life_expectancy,0.575
Ecuador,South America,2017,life_expectancy,0.686
Egypt,Africa,2017,life_expectancy,0.52
El Salvador,North America,2017,life_expectancy,0.596
Estonia,Europe,2017,life_expectancy,0.695
Ethiopia,Africa,2017,life_expectancy,0.353
Finland,Europe,2017,life_expectancy,0.809
France,Europe,2017,life_expectancy,0.844
Gabon,Africa,2017,life_expectancy,0.357
Gambia,Africa,2017,life_expectancy,0
Georgia,Asia,2017,life_expectancy,0.65
Germany,Europe,2017,life_expectancy,0.799
Ghana,Africa,2017,life_expectancy,0.296
Greece,Europe,2017,life_expectancy,0.81
Guatemala,North America,2017,life_expectancy,0.54
Guinea,Africa,2017,life_expectancy,0.194
Haiti,North America,2017,life_expectancy,0.277
Honduras,North America,2017,life_expectancy,0.583
Hong Kong,Asia,2017,life_expectancy,0
Hungary,Europe,2017,life_expectancy,0.688
Iceland,Europe,2017,life_expectancy,0.834
India,Asia,2017,life_expectancy,0.455
Indonesia,Asia,2017,life_expectancy,0.492
Iran,Asia,2017,life_expectancy,0.639
Iraq,Asia,2017,life_expectancy,0.501
Ireland,Europe,2017,life_expectancy,0.81
Israel,Asia,2017,life_expectancy,0.838
Italy,Europe,2017,life_expectancy,0.853
Ivory Coast,Africa,2017,life_expectancy,0.049
Jamaica,North America,2017,life_expectancy,0.641
Japan,Asia,2017,life_expectancy,0.913
Jordan,Asia,2017,life_expectancy,0.605
Kazakhstan,Asia,2017,life_expectancy,0.606
Kenya,Africa,2017,life_expectancy,0.31
Kosovo,Europe,2017,life_expectancy,0.541
Kuwait,Asia,2017,life_expectancy,0.632
Kyrgyzstan,Asia,2017,life_expectancy,0.553
Laos,Asia,2017,life_expectancy,0
Latvia,Europe,2017,life_expectancy,0.639
Lebanon,Asia,2017,life_expectancy,0.735
Lesotho,Africa,2017,life_expectancy,0
Liberia,Africa,2017,life_expectancy,0.23
Libya,Africa,2017,life_expectancy,0.52
Lithuania,Europe,2017,life_expectancy,0.629
Luxembourg,Europe,2017,life_expectancy,0.845
Madagascar,Africa,2017,life_expectancy,0.375
Malawi,Africa,2017,life_expectancy,0.315
Malaysia,Asia,2017,life_expectancy,0.619
Mali,Africa,2017,life_expectancy,0.169
Malta,Europe,2017,life_expectancy,0.822
Mauritania,Africa,2017,life_expectancy,0.285
Mauritius,Africa,2017,life_expectancy,0.638
Mexico,North America,2017,life_expectancy,0.71
Moldova,Europe,2017,life_expectancy,0.589
Mongolia,Asia,2017,life_expectancy,0.558
Montenegro,Europe,2017,life_expectancy,0.667
Morocco,Africa,2017,life_expectancy,0.598
Mozambique,Africa,2017,life_expectancy,0.107
Myanmar,Asia,2017,life_expectancy,0.398
Namibia,Africa,2017,life_expectancy,0.339
Nepal,Asia,2017,life_expectancy,0.504
Netherlands,Europe,2017,life_expectancy,0.811
New Zealand,Oceania,2017,life_expectancy,0.817
Nicaragua,North America,2017,life_expectancy,0.653
Niger,Africa,2017,life_expectancy,0.269
Nigeria,Africa,2017,life_expectancy,0.057
North Macedonia,Europe,2017,life_expectancy,0
Northern Cyprus,Asia,2017,life_expectancy,0
Norway,Europe,2017,life_expectancy,0.797
Pakistan,Asia,2017,life_expectancy,0.402
Palestinian Territories,Asia,2017,life_expectancy,0.566
Panama,North America,2017,life_expectancy,0.706
Paraguay,South America,2017,life_expectancy,0.579
Peru,South America,2017,life_expectancy,0.63
Philippines,Asia,2017,life_expectancy,0.468
Poland,Europe,2017,life_expectancy,0.699
Portugal,Europe,2017,life_expectancy,0.796
Qatar,Asia,2017,life_expectancy,0.71
Romania,Europe,2017,life_expectancy,0.685
Russia,Europe,2017,life_expectancy,0.547
Rwanda,Africa,2017,life_expectancy,0.326
Saudi Arabia,Asia,2017,life_expectancy,0.59
Senegal,Africa,2017,life_expectancy,0.409
Serbia,Europe,2017,life_expectancy,0.651
Sierra Leone,Africa,2017,life_expectancy,0.006
Singapore,Asia,2017,life_expectancy,0.949
Slovakia,Europe,2017,life_expectancy,0.713
Slovenia,Europe,2017,life_expectancy,0.791
Somalia,Africa,2017,life_expectancy,0.114
South Africa,Africa,2017,life_expectancy,0.187
South Korea,Asia,2017,life_expectancy,0.9
South Sudan,Africa,2017,life_expectancy,0.163
Spain,Europe,2017,life_expectancy,0.889
Sri Lanka,Asia,2017,life_expectancy,0.625
Swaziland,Africa,2017,life_expectancy,0
Sweden,Europe,2017,life_expectancy,0.831
Switzerland,Europe,2017,life_expectancy,0.858
Syria,Asia,2017,life_expectancy,0.501
Taiwan,Asia,2017,life_expectancy,0
Tajikistan,Asia,2017,life_expectancy,0.529
Tanzania,Africa,2017,life_expectancy,0.365
Thailand,Asia,2017,life_expectancy,0.647
Togo,Africa,2017,life_expectancy,0.247
Trinidad & Tobago,South America,2017,life_expectancy,0
Tunisia,Africa,2017,life_expectancy,0.613
Turkey,Asia,2017,life_expectancy,0.638
Turkmenistan,Asia,2017,life_expectancy,0.438
Uganda,Africa,2017,life_expectancy,0.218
Ukraine,Europe,2017,life_expectancy,0.576
United Arab Emirates,Asia,2017,life_expectancy,0.727
United Kingdom,Europe,2017,life_expectancy,0.805
United States,North America,2017,life_expectancy,0.774
Uruguay,South America,2017,life_expectancy,0.719
Uzbekistan,Asia,2017,life_expectancy,0.498
Venezuela,South America,2017,life_expectancy,0.617
Vietnam,Asia,2017,life_expectancy,0.652
Yemen,Asia,2017,life_expectancy,0.31
Zambia,Africa,2017,life_expectancy,0.258
Zimbabwe,Africa,2017,life_expectancy,0.197
Afghanistan,Asia,2016,life_expectancy,0.173
Albania,Europe,2016,life_expectancy,0.73
Algeria,Africa,2016,life_expectancy,0.618
Argentina,South America,2016,life_expectancy,0.697
Armenia,Asia,2016,life_expectancy,0.641
Australia,Oceania,2016,life_expectancy,0.851
Austria,Europe,2016,life_expectancy,0.806
Azerbaijan,Asia,2016,life_expectancy,0.545
Bahrain,Asia,2016,life_expectancy,0.657
Bangladesh,Asia,2016,life_expectancy,0.53
Belarus,Europe,2016,life_expectancy,0.631
Belgium,Europe,2016,life_expectancy,0.82
Benin,Africa,2016,life_expectancy,0.21
Bhutan,Asia,2016,life_expectancy,0.498
Bolivia,South America,2016,life_expectancy,0.47
Bosnia and Herzegovina,Europe,2016,life_expectancy,0.708
Botswana,Africa,2016,life_expectancy,0.348
Brazil,South America,2016,life_expectancy,0.614
Bulgaria,Europe,2016,life_expectancy,0.678
Burkina Faso,Africa,2016,life_expectancy,0.213
Burundi,Africa,2016,life_expectancy,0.157
Cambodia,Asia,2016,life_expectancy,0.425
Cameroon,Africa,2016,life_expectancy,0.127
Canada,North America,2016,life_expectancy,0.828
Central African Republic,Africa,2016,life_expectancy,0
Chad,Africa,2016,life_expectancy,0.038
Chile,South America,2016,life_expectancy,0.819
China,Asia,2016,life_expectancy,0.736
Colombia,South America,2016,life_expectancy,0.597
Comoros,Africa,2016,life_expectancy,0.3
Congo (Brazzaville),Africa,2016,life_expectancy,0.282
Congo (Kinshasa),Africa,2016,life_expectancy,0.188
Costa Rica,North America,2016,life_expectancy,0.761
Croatia,Europe,2016,life_expectancy,0.705
Cyprus,Europe,2016,life_expectancy,0.849
Czech Republic,Europe,2016,life_expectancy,0.764
Denmark,Europe,2016,life_expectancy,0.795
Dominican Republic,North America,2016,life_expectancy,0.577
Ecuador,South America,2016,life_expectancy,0.686
Egypt,Africa,2016,life_expectancy,0.521
El Salvador,North America,2016,life_expectancy,0.596
Estonia,Europe,2016,life_expectancy,0.681
Ethiopia,Africa,2016,life_expectancy,0.346
Finland,Europe,2016,life_expectancy,0.811
France,Europe,2016,life_expectancy,0.838
Gabon,Africa,2016,life_expectancy,0.349
Gambia,Africa,2016,life_expectancy,0
Georgia,Asia,2016,life_expectancy,0.64
Germany,Europe,2016,life_expectancy,0.815
Ghana,Africa,2016,life_expectancy,0.297
Greece,Europe,2016,life_expectancy,0.8
Guatemala,North America,2016,life_expectancy,0.54
Guinea,Africa,2016,life_expectancy,0.188
Haiti,North America,2016,life_expectancy,0.275
Honduras,North America,2016,life_expectancy,0.584
Hong Kong,Asia,2016,life_expectancy,0.953
Hungary,Europe,2016,life_expectancy,0.676
Iceland,Europe,2016,life_expectancy,0.867
India,Asia,2016,life_expectancy,0.451
Indonesia,Asia,2016,life_expectancy,0.494
Iran,Asia,2016,life_expectancy,0.642
Iraq,Asia,2016,life_expectancy,0.511
Ireland,Europe,2016,life_expectancy,0.815
Israel,Asia,2016,life_expectancy,0.849
Italy,Europe,2016,life_expectancy,0.851
Ivory Coast,Africa,2016,life_expectancy,0.045
Jamaica,North America,2016,life_expectancy,0.595
Japan,Asia,2016,life_expectancy,0.915
Jordan,Asia,2016,life_expectancy,0.607
Kazakhstan,Asia,2016,life_expectancy,0.574
Kenya,Africa,2016,life_expectancy,0.301
Kosovo,Europe,2016,life_expectancy,0.54
Kuwait,Asia,2016,life_expectancy,0.636
Kyrgyzstan,Asia,2016,life_expectancy,0.554
Laos,Asia,2016,life_expectancy,0.383
Latvia,Europe,2016,life_expectancy,0.64
Lebanon,Asia,2016,life_expectancy,0.762
Lesotho,Africa,2016,life_expectancy,0
Liberia,Africa,2016,life_expectancy,0.232
Libya,Africa,2016,life_expectancy,0.523
Lithuania,Europe,2016,life_expectancy,0.647
Luxembourg,Europe,2016,life_expectancy,0.845
Madagascar,Africa,2016,life_expectancy,0.371
Malawi,Africa,2016,life_expectancy,0.294
Malaysia,Asia,2016,life_expectancy,0.624
Mali,Africa,2016,life_expectancy,0.163
Malta,Europe,2016,life_expectancy,0.803
Mauritania,Africa,2016,life_expectancy,0.286
Mauritius,Africa,2016,life_expectancy,0.662
Mexico,North America,2016,life_expectancy,0.711
Moldova,Europe,2016,life_expectancy,0.523
Mongolia,Asia,2016,life_expectancy,0.555
Montenegro,Europe,2016,life_expectancy,0.635
Morocco,Africa,2016,life_expectancy,0.595
Mozambique,Africa,2016,life_expectancy,0
Myanmar,Asia,2016,life_expectancy,0.399
Namibia,Africa,2016,life_expectancy,0.347
Nepal,Asia,2016,life_expectancy,0.501
Netherlands,Europe,2016,life_expectancy,0.812
New Zealand,Oceania,2016,life_expectancy,0.831
Nicaragua,North America,2016,life_expectancy,0.652
Niger,Africa,2016,life_expectancy,0.262
Nigeria,Africa,2016,life_expectancy,0.051
North Macedonia,Europe,2016,life_expectancy,0
Northern Cyprus,Asia,2016,life_expectancy,0
Norway,Europe,2016,life_expectancy,0.796
Pakistan,Asia,2016,life_expectancy,0.403
Palestinian Territories,Asia,2016,life_expectancy,0.568
Panama,North America,2016,life_expectancy,0.708
Paraguay,South America,2016,life_expectancy,0.583
Peru,South America,2016,life_expectancy,0.63
Philippines,Asia,2016,life_expectancy,0.47
Poland,Europe,2016,life_expectancy,0.691
Portugal,Europe,2016,life_expectancy,0.794
Qatar,Asia,2016,life_expectancy,0.717
Romania,Europe,2016,life_expectancy,0.676
Russia,Europe,2016,life_expectancy,0.59
Rwanda,Africa,2016,life_expectancy,0.319
Saudi Arabia,Asia,2016,life_expectancy,0.593
Senegal,Africa,2016,life_expectancy,0.405
Serbia,Europe,2016,life_expectancy,0.646
Sierra Leone,Africa,2016,life_expectancy,0
Singapore,Asia,2016,life_expectancy,0.947
Slovakia,Europe,2016,life_expectancy,0.704
Slovenia,Europe,2016,life_expectancy,0.792
Somalia,Africa,2016,life_expectancy,0.115
South Africa,Africa,2016,life_expectancy,0.186
South Korea,Asia,2016,life_expectancy,0.886
South Sudan,Africa,2016,life_expectancy,0.158
Spain,Europe,2016,life_expectancy,0.879
Sri Lanka,Asia,2016,life_expectancy,0.62
Swaziland,Africa,2016,life_expectancy,0
Sweden,Europe,2016,life_expectancy,0.831
Switzerland,Europe,2016,life_expectancy,0.863
Syria,Asia,2016,life_expectancy,0.63
Taiwan,Asia,2016,life_expectancy,0.796
Tajikistan,Asia,2016,life_expectancy,0.531
Tanzania,Africa,2016,life_expectancy,0.357
Thailand,Asia,2016,life_expectancy,0.649
Togo,Africa,2016,life_expectancy,0.248
Trinidad & Tobago,South America,2016,life_expectancy,0
Tunisia,Africa,2016,life_expectancy,0.596
Turkey,Asia,2016,life_expectancy,0.647
Turkmenistan,Asia,2016,life_expectancy,0.44
Uganda,Africa,2016,life_expectancy,0.196
Ukraine,Europe,2016,life_expectancy,0.586
United Arab Emirates,Asia,2016,life_expectancy,0.73
United Kingdom,Europe,2016,life_expectancy,0.81
United States,North America,2016,life_expectancy,0.779
Uruguay,South America,2016,life_expectancy,0.722
Uzbekistan,Asia,2016,life_expectancy,0.502
Venezuela,South America,2016,life_expectancy,0.619
Vietnam,Asia,2016,life_expectancy,0.662
Yemen,Asia,2016,life_expectancy,0.31
Zambia,Africa,2016,life_expectancy,0.236
Zimbabwe,Africa,2016,life_expectancy,0.16
Afghanistan,Asia,2015,life_expectancy,0.303
Albania,Europe,2015,life_expectancy,0.813
Algeria,Africa,2015,life_expectancy,0.618
Argentina,South America,2015,life_expectancy,0.787
Armenia,Asia,2015,life_expectancy,0.73
Australia,Oceania,2015,life_expectancy,0.932
Austria,Europe,2015,life_expectancy,0.89
Azerbaijan,Asia,2015,life_expectancy,0.64
Bahrain,Asia,2015,life_expectancy,0.747
Bangladesh,Asia,2015,life_expectancy,0.602
Belarus,Europe,2015,life_expectancy,0.736
Belgium,Europe,2015,life_expectancy,0.897
Benin,Africa,2015,life_expectancy,0.319
Bhutan,Asia,2015,life_expectancy,0.574
Bolivia,South America,2015,life_expectancy,0.539
Bosnia and Herzegovina,Europe,2015,life_expectancy,0.791
Botswana,Africa,2015,life_expectancy,0.048
Brazil,South America,2015,life_expectancy,0.697
Bulgaria,Europe,2015,life_expectancy,0.766
Burkina Faso,Africa,2015,life_expectancy,0.271
Burundi,Africa,2015,life_expectancy,0.224
Cambodia,Asia,2015,life_expectancy,0.611
Cameroon,Africa,2015,life_expectancy,0.234
Canada,North America,2015,life_expectancy,0.906
Central African Republic,Africa,2015,life_expectancy,0.067
Chad,Africa,2015,life_expectancy,0.15
Chile,South America,2015,life_expectancy,0.859
China,Asia,2015,life_expectancy,0.817
Colombia,South America,2015,life_expectancy,0.691
Comoros,Africa,2015,life_expectancy,0.363
Congo (Brazzaville),Africa,2015,life_expectancy,0.311
Congo (Kinshasa),Africa,2015,life_expectancy,0.098
Costa Rica,North America,2015,life_expectancy,0.86
Croatia,Europe,2015,life_expectancy,0.788
Cyprus,Europe,2015,life_expectancy,0.924
Czech Republic,Europe,2015,life_expectancy,0.845
Denmark,Europe,2015,life_expectancy,0.875
Dominican Republic,North America,2015,life_expectancy,0.668
Ecuador,South America,2015,life_expectancy,0.791
Egypt,Africa,2015,life_expectancy,0.617
El Salvador,North America,2015,life_expectancy,0.677
Estonia,Europe,2015,life_expectancy,0.774
Ethiopia,Africa,2015,life_expectancy,0.441
Finland,Europe,2015,life_expectancy,0.889
France,Europe,2015,life_expectancy,0.946
Gabon,Africa,2015,life_expectancy,0.434
Gambia,Africa,2015,life_expectancy,0
Georgia,Asia,2015,life_expectancy,0.729
Germany,Europe,2015,life_expectancy,0.892
Ghana,Africa,2015,life_expectancy,0.401
Greece,Europe,2015,life_expectancy,0.882
Guatemala,North America,2015,life_expectancy,0.644
Guinea,Africa,2015,life_expectancy,0.24
Haiti,North America,2015,life_expectancy,0.388
Honduras,North America,2015,life_expectancy,0.695
Hong Kong,Asia,2015,life_expectancy,1.013
Hungary,Europe,2015,life_expectancy,0.759
Iceland,Europe,2015,life_expectancy,0.948
India,Asia,2015,life_expectancy,0.515
Indonesia,Asia,2015,life_expectancy,0.638
Iran,Asia,2015,life_expectancy,0.698
Iraq,Asia,2015,life_expectancy,0.602
Ireland,Europe,2015,life_expectancy,0.895
Israel,Asia,2015,life_expectancy,0.914
Italy,Europe,2015,life_expectancy,0.954
Ivory Coast,Africa,2015,life_expectancy,0.152
Jamaica,North America,2015,life_expectancy,0.687
Japan,Asia,2015,life_expectancy,0.991
Jordan,Asia,2015,life_expectancy,0.696
Kazakhstan,Asia,2015,life_expectancy,0.644
Kenya,Africa,2015,life_expectancy,0.414
Kosovo,Europe,2015,life_expectancy,0.631
Kuwait,Asia,2015,life_expectancy,0.725
Kyrgyzstan,Asia,2015,life_expectancy,0.651
Laos,Asia,2015,life_expectancy,0.549
Latvia,Europe,2015,life_expectancy,0.724
Lebanon,Asia,2015,life_expectancy,0.839
Lesotho,Africa,2015,life_expectancy,0.076
Liberia,Africa,2015,life_expectancy,0.342
Libya,Africa,2015,life_expectancy,0.704
Lithuania,Europe,2015,life_expectancy,0.731
Luxembourg,Europe,2015,life_expectancy,0.919
Madagascar,Africa,2015,life_expectancy,0.467
Malawi,Africa,2015,life_expectancy,0.226
Malaysia,Asia,2015,life_expectancy,0.724
Mali,Africa,2015,life_expectancy,0.206
Malta,Europe,2015,life_expectancy,0.887
Mauritania,Africa,2015,life_expectancy,0.359
Mauritius,Africa,2015,life_expectancy,0.71
Mexico,North America,2015,life_expectancy,0.814
Moldova,Europe,2015,life_expectancy,0.618
Mongolia,Asia,2015,life_expectancy,0.603
Montenegro,Europe,2015,life_expectancy,0.725
Morocco,Africa,2015,life_expectancy,0.61
Mozambique,Africa,2015,life_expectancy,0.091
Myanmar,Asia,2015,life_expectancy,0.482
Namibia,Africa,2015,life_expectancy,0
Nepal,Asia,2015,life_expectancy,0.569
Netherlands,Europe,2015,life_expectancy,0.893
New Zealand,Oceania,2015,life_expectancy,0.908
Nicaragua,North America,2015,life_expectancy,0.743
Niger,Africa,2015,life_expectancy,0.297
Nigeria,Africa,2015,life_expectancy,0.16
North Macedonia,Europe,2015,life_expectancy,0
Northern Cyprus,Asia,2015,life_expectancy,0
Norway,Europe,2015,life_expectancy,0.885
Pakistan,Asia,2015,life_expectancy,0.515
Palestinian Territories,Asia,2015,life_expectancy,0.66
Panama,North America,2015,life_expectancy,0.797
Paraguay,South America,2015,life_expectancy,0.661
Peru,South America,2015,life_expectancy,0.73
Philippines,Asia,2015,life_expectancy,0.581
Poland,Europe,2015,life_expectancy,0.779
Portugal,Europe,2015,life_expectancy,0.875
Qatar,Asia,2015,life_expectancy,0.797
Romania,Europe,2015,life_expectancy,0.769
Russia,Europe,2015,life_expectancy,0.669
Rwanda,Africa,2015,life_expectancy,0.429
Saudi Arabia,Asia,2015,life_expectancy,0.72
Senegal,Africa,2015,life_expectancy,0.435
Serbia,Europe,2015,life_expectancy,0.748
Sierra Leone,Africa,2015,life_expectancy,0
Singapore,Asia,2015,life_expectancy,1.025
Slovakia,Europe,2015,life_expectancy,0.789
Slovenia,Europe,2015,life_expectancy,0.873
Somalia,Africa,2015,life_expectancy,0
South Africa,Africa,2015,life_expectancy,0.277
South Korea,Asia,2015,life_expectancy,0.965
South Sudan,Africa,2015,life_expectancy,0
Spain,Europe,2015,life_expectancy,0.956
Sri Lanka,Asia,2015,life_expectancy,0.708
Swaziland,Africa,2015,life_expectancy,0.076
Sweden,Europe,2015,life_expectancy,0.911
Switzerland,Europe,2015,life_expectancy,0.941
Syria,Asia,2015,life_expectancy,0.722
Taiwan,Asia,2015,life_expectancy,0.875
Tajikistan,Asia,2015,life_expectancy,0.574
Tanzania,Africa,2015,life_expectancy,0.382
Thailand,Asia,2015,life_expectancy,0.739
Togo,Africa,2015,life_expectancy,0.284
Trinidad & Tobago,South America,2015,life_expectancy,0
Tunisia,Africa,2015,life_expectancy,0.738
Turkey,Asia,2015,life_expectancy,0.732
Turkmenistan,Asia,2015,life_expectancy,0.539
Uganda,Africa,2015,life_expectancy,0.339
Ukraine,Europe,2015,life_expectancy,0.674
United Arab Emirates,Asia,2015,life_expectancy,0.809
United Kingdom,Europe,2015,life_expectancy,0.909
United States,North America,2015,life_expectancy,0.862
Uruguay,South America,2015,life_expectancy,0.812
Uzbekistan,Asia,2015,life_expectancy,0.598
Venezuela,South America,2015,life_expectancy,0.721
Vietnam,Asia,2015,life_expectancy,0.747
Yemen,Asia,2015,life_expectancy,0.401
Zambia,Africa,2015,life_expectancy,0.299
Zimbabwe,Africa,2015,life_expectancy,0.335
Afghanistan,Asia,2019,freedom,0
Albania,Europe,2019,freedom,0.383
Algeria,Africa,2019,freedom,0.086
Argentina,South America,2019,freedom,0.471
Armenia,Asia,2019,freedom,0.283
Australia,Oceania,2019,freedom,0.557
Austria,Europe,2019,freedom,0.532
Azerbaijan,Asia,2019,freedom,0.351
Bahrain,Asia,2019,freedom,0.536
Bangladesh,Asia,2019,freedom,0.527
Belarus,Europe,2019,freedom,0.235
Belgium,Europe,2019,freedom,0.473
Benin,Africa,2019,freedom,0.349
Bhutan,Asia,2019,freedom,0.457
Bolivia,South America,2019,freedom,0.511
Bosnia and Herzegovina,Europe,2019,freedom,0.212
Botswana,Africa,2019,freedom,0.455
Brazil,South America,2019,freedom,0.39
Bulgaria,Europe,2019,freedom,0.311
Burkina Faso,Africa,2019,freedom,0.255
Burundi,Africa,2019,freedom,0.22
Cambodia,Asia,2019,freedom,0.609
Cameroon,Africa,2019,freedom,0.381
Canada,North America,2019,freedom,0.584
Central African Republic,Africa,2019,freedom,0.225
Chad,Africa,2019,freedom,0.174
Chile,South America,2019,freedom,0.357
China,Asia,2019,freedom,0.521
Colombia,South America,2019,freedom,0.47
Comoros,Africa,2019,freedom,0.142
Congo (Brazzaville),Africa,2019,freedom,0.372
Congo (Kinshasa),Africa,2019,freedom,0.269
Costa Rica,North America,2019,freedom,0.558
Croatia,Europe,2019,freedom,0.296
Cyprus,Europe,2019,freedom,0.406
Czech Republic,Europe,2019,freedom,0.457
Denmark,Europe,2019,freedom,0.592
Dominican Republic,North America,2019,freedom,0.497
Ecuador,South America,2019,freedom,0.498
Egypt,Africa,2019,freedom,0.241
El Salvador,North America,2019,freedom,0.43
Estonia,Europe,2019,freedom,0.495
Ethiopia,Africa,2019,freedom,0.344
Finland,Europe,2019,freedom,0.596
France,Europe,2019,freedom,0.436
Gabon,Africa,2019,freedom,0.295
Gambia,Africa,2019,freedom,0.382
Georgia,Asia,2019,freedom,0.346
Germany,Europe,2019,freedom,0.495
Ghana,Africa,2019,freedom,0.381
Greece,Europe,2019,freedom,0.067
Guatemala,North America,2019,freedom,0.535
Guinea,Africa,2019,freedom,0.332
Haiti,North America,2019,freedom,0.026
Honduras,North America,2019,freedom,0.507
Hong Kong,Asia,2019,freedom,0.44
Hungary,Europe,2019,freedom,0.199
Iceland,Europe,2019,freedom,0.591
India,Asia,2019,freedom,0.498
Indonesia,Asia,2019,freedom,0.491
Iran,Asia,2019,freedom,0.305
Iraq,Asia,2019,freedom,0.241
Ireland,Europe,2019,freedom,0.516
Israel,Asia,2019,freedom,0.371
Italy,Europe,2019,freedom,0.231
Ivory Coast,Africa,2019,freedom,0.352
Jamaica,North America,2019,freedom,0.49
Japan,Asia,2019,freedom,0.445
Jordan,Asia,2019,freedom,0.383
Kazakhstan,Asia,2019,freedom,0.41
Kenya,Africa,2019,freedom,0.431
Kosovo,Europe,2019,freedom,0.489
Kuwait,Asia,2019,freedom,0.493
Kyrgyzstan,Asia,2019,freedom,0.508
Laos,Asia,2019,freedom,0.547
Latvia,Europe,2019,freedom,0.264
Lebanon,Asia,2019,freedom,0.216
Lesotho,Africa,2019,freedom,0.359
Liberia,Africa,2019,freedom,0.37
Libya,Africa,2019,freedom,0.416
Lithuania,Europe,2019,freedom,0.291
Luxembourg,Europe,2019,freedom,0.526
Madagascar,Africa,2019,freedom,0.148
Malawi,Africa,2019,freedom,0.443
Malaysia,Asia,2019,freedom,0.508
Mali,Africa,2019,freedom,0.327
Malta,Europe,2019,freedom,0.564
Mauritania,Africa,2019,freedom,0.066
Mauritius,Africa,2019,freedom,0.498
Mexico,North America,2019,freedom,0.433
Moldova,Europe,2019,freedom,0.245
Mongolia,Asia,2019,freedom,0.317
Montenegro,Europe,2019,freedom,0.197
Morocco,Africa,2019,freedom,0.418
Mozambique,Africa,2019,freedom,0.494
Myanmar,Asia,2019,freedom,0.525
Namibia,Africa,2019,freedom,0.401
Nepal,Asia,2019,freedom,0.439
Netherlands,Europe,2019,freedom,0.557
New Zealand,Oceania,2019,freedom,0.585
Nicaragua,North America,2019,freedom,0.435
Niger,Africa,2019,freedom,0.318
Nigeria,Africa,2019,freedom,0.426
North Macedonia,Europe,2019,freedom,0.345
Northern Cyprus,Asia,2019,freedom,0.417
Norway,Europe,2019,freedom,0.603
Pakistan,Asia,2019,freedom,0.313
Palestinian Territories,Asia,2019,freedom,0.225
Panama,North America,2019,freedom,0.516
Paraguay,South America,2019,freedom,0.514
Peru,South America,2019,freedom,0.455
Philippines,Asia,2019,freedom,0.558
Poland,Europe,2019,freedom,0.483
Portugal,Europe,2019,freedom,0.508
Qatar,Asia,2019,freedom,0.555
Romania,Europe,2019,freedom,0.462
Russia,Europe,2019,freedom,0.334
Rwanda,Africa,2019,freedom,0.555
Saudi Arabia,Asia,2019,freedom,0.439
Senegal,Africa,2019,freedom,0.292
Serbia,Europe,2019,freedom,0.282
Sierra Leone,Africa,2019,freedom,0.309
Singapore,Asia,2019,freedom,0.556
Slovakia,Europe,2019,freedom,0.334
Slovenia,Europe,2019,freedom,0.564
Somalia,Africa,2019,freedom,0.559
South Africa,Africa,2019,freedom,0.389
South Korea,Asia,2019,freedom,0.159
South Sudan,Africa,2019,freedom,0.01
Spain,Europe,2019,freedom,0.362
Sri Lanka,Asia,2019,freedom,0.47
Swaziland,Africa,2019,freedom,0.313
Sweden,Europe,2019,freedom,0.574
Switzerland,Europe,2019,freedom,0.572
Syria,Asia,2019,freedom,0.013
Taiwan,Asia,2019,freedom,0.351
Tajikistan,Asia,2019,freedom,0.389
Tanzania,Africa,2019,freedom,0.417
Thailand,Asia,2019,freedom,0.557
Togo,Africa,2019,freedom,0.293
Trinidad & Tobago,South America,2019,freedom,0.489
Tunisia,Africa,2019,freedom,0.167
Turkey,Asia,2019,freedom,0.195
Turkmenistan,Asia,2019,freedom,0.394
Uganda,Africa,2019,freedom,0.356
Ukraine,Europe,2019,freedom,0.178
United Arab Emirates,Asia,2019,freedom,0.598
United Kingdom,Europe,2019,freedom,0.45
United States,North America,2019,freedom,0.454
Uruguay,South America,2019,freedom,0.523
Uzbekistan,Asia,2019,freedom,0.631
Venezuela,South America,2019,freedom,0.154
Vietnam,Asia,2019,freedom,0.543
Yemen,Asia,2019,freedom,0.143
Zambia,Africa,2019,freedom,0.431
Zimbabwe,Africa,2019,freedom,0.361
Afghanistan,Asia,2018,freedom,0.085
Albania,Europe,2018,freedom,0.419
Algeria,Africa,2018,freedom,0.077
Argentina,South America,2018,freedom,0.57
Armenia,Asia,2018,freedom,0.26
Australia,Oceania,2018,freedom,0.647
Austria,Europe,2018,freedom,0.617
Azerbaijan,Asia,2018,freedom,0.43
Bahrain,Asia,2018,freedom,0.594
Bangladesh,Asia,2018,freedom,0.58
Belarus,Europe,2018,freedom,0.307
Belgium,Europe,2018,freedom,0.583
Benin,Africa,2018,freedom,0.44
Bhutan,Asia,2018,freedom,0.541
Bolivia,South America,2018,freedom,0.606
Bosnia and Herzegovina,Europe,2018,freedom,0.28
Botswana,Africa,2018,freedom,0.557
Brazil,South America,2018,freedom,0.493
Bulgaria,Europe,2018,freedom,0.359
Burkina Faso,Africa,2018,freedom,0.312
Burundi,Africa,2018,freedom,0.065
Cambodia,Asia,2018,freedom,0.696
Cameroon,Africa,2018,freedom,0.454
Canada,North America,2018,freedom,0.653
Central African Republic,Africa,2018,freedom,0.305
Chad,Africa,2018,freedom,0.189
Chile,South America,2018,freedom,0.431
China,Asia,2018,freedom,0.597
Colombia,South America,2018,freedom,0.531
Comoros,Africa,2018,freedom,0
Congo (Brazzaville),Africa,2018,freedom,0.514
Congo (Kinshasa),Africa,2018,freedom,0.312
Costa Rica,North America,2018,freedom,0.632
Croatia,Europe,2018,freedom,0.38
Cyprus,Europe,2018,freedom,0.423
Czech Republic,Europe,2018,freedom,0.543
Denmark,Europe,2018,freedom,0.683
Dominican Republic,North America,2018,freedom,0.578
Ecuador,South America,2018,freedom,0.556
Egypt,Africa,2018,freedom,0.312
El Salvador,North America,2018,freedom,0.461
Estonia,Europe,2018,freedom,0.553
Ethiopia,Africa,2018,freedom,0.452
Finland,Europe,2018,freedom,0.681
France,Europe,2018,freedom,0.52
Gabon,Africa,2018,freedom,0.356
Gambia,Africa,2018,freedom,0
Georgia,Asia,2018,freedom,0.375
Germany,Europe,2018,freedom,0.586
Ghana,Africa,2018,freedom,0.499
Greece,Europe,2018,freedom,0.131
Guatemala,North America,2018,freedom,0.604
Guinea,Africa,2018,freedom,0.394
Haiti,North America,2018,freedom,0.025
Honduras,North America,2018,freedom,0.459
Hong Kong,Asia,2018,freedom,0.524
Hungary,Europe,2018,freedom,0.259
Iceland,Europe,2018,freedom,0.677
India,Asia,2018,freedom,0.539
Indonesia,Asia,2018,freedom,0.538
Iran,Asia,2018,freedom,0.459
Iraq,Asia,2018,freedom,0.304
Ireland,Europe,2018,freedom,0.614
Israel,Asia,2018,freedom,0.533
Italy,Europe,2018,freedom,0.281
Ivory Coast,Africa,2018,freedom,0.467
Jamaica,North America,2018,freedom,0.575
Japan,Asia,2018,freedom,0.553
Jordan,Asia,2018,freedom,0.468
Kazakhstan,Asia,2018,freedom,0.454
Kenya,Africa,2018,freedom,0.504
Kosovo,Europe,2018,freedom,0.448
Kuwait,Asia,2018,freedom,0.554
Kyrgyzstan,Asia,2018,freedom,0.54
Laos,Asia,2018,freedom,0.626
Latvia,Europe,2018,freedom,0.363
Lebanon,Asia,2018,freedom,0.503
Lesotho,Africa,2018,freedom,0.423
Liberia,Africa,2018,freedom,0.419
Libya,Africa,2018,freedom,0.496
Lithuania,Europe,2018,freedom,0.35
Luxembourg,Europe,2018,freedom,0.632
Madagascar,Africa,2018,freedom,0.221
Malawi,Africa,2018,freedom,0.531
Malaysia,Asia,2018,freedom,0.356
Mali,Africa,2018,freedom,0.367
Malta,Europe,2018,freedom,0.645
Mauritania,Africa,2018,freedom,0.129
Mauritius,Africa,2018,freedom,0.584
Mexico,North America,2018,freedom,0.479
Moldova,Europe,2018,freedom,0.232
Mongolia,Asia,2018,freedom,0.395
Montenegro,Europe,2018,freedom,0.259
Morocco,Africa,2018,freedom,0.46
Mozambique,Africa,2018,freedom,0.531
Myanmar,Asia,2018,freedom,0.58
Namibia,Africa,2018,freedom,0.519
Nepal,Asia,2018,freedom,0.526
Netherlands,Europe,2018,freedom,0.638
New Zealand,Oceania,2018,freedom,0.669
Nicaragua,North America,2018,freedom,0.527
Niger,Africa,2018,freedom,0.39
Nigeria,Africa,2018,freedom,0.462
North Macedonia,Europe,2018,freedom,0
Northern Cyprus,Asia,2018,freedom,0.495
Norway,Europe,2018,freedom,0.686
Pakistan,Asia,2018,freedom,0.334
Palestinian Territories,Asia,2018,freedom,0.266
Panama,North America,2018,freedom,0.597
Paraguay,South America,2018,freedom,0.541
Peru,South America,2018,freedom,0.53
Philippines,Asia,2018,freedom,0.643
Poland,Europe,2018,freedom,0.546
Portugal,Europe,2018,freedom,0.562
Qatar,Asia,2018,freedom,0.654
Romania,Europe,2018,freedom,0.528
Russia,Europe,2018,freedom,0.399
Rwanda,Africa,2018,freedom,0.636
Saudi Arabia,Asia,2018,freedom,0.509
Senegal,Africa,2018,freedom,0.406
Serbia,Europe,2018,freedom,0.288
Sierra Leone,Africa,2018,freedom,0.355
Singapore,Asia,2018,freedom,0.631
Slovakia,Europe,2018,freedom,0.354
Slovenia,Europe,2018,freedom,0.633
Somalia,Africa,2018,freedom,0.674
South Africa,Africa,2018,freedom,0.516
South Korea,Asia,2018,freedom,0.244
South Sudan,Africa,2018,freedom,0.112
Spain,Europe,2018,freedom,0.449
Sri Lanka,Asia,2018,freedom,0.585
Swaziland,Africa,2018,freedom,0
Sweden,Europe,2018,freedom,0.659
Switzerland,Europe,2018,freedom,0.66
Syria,Asia,2018,freedom,0.088
Taiwan,Asia,2018,freedom,0.418
Tajikistan,Asia,2018,freedom,0.292
Tanzania,Africa,2018,freedom,0.481
Thailand,Asia,2018,freedom,0.637
Togo,Africa,2018,freedom,0.434
Trinidad & Tobago,South America,2018,freedom,0.575
Tunisia,Africa,2018,freedom,0.271
Turkey,Asia,2018,freedom,0.324
Turkmenistan,Asia,2018,freedom,0.417
Uganda,Africa,2018,freedom,0.45
Ukraine,Europe,2018,freedom,0.163
United Arab Emirates,Asia,2018,freedom,0.284
United Kingdom,Europe,2018,freedom,0.464
United States,North America,2018,freedom,0.547
Uruguay,South America,2018,freedom,0.625
Uzbekistan,Asia,2018,freedom,0.724
Venezuela,South America,2018,freedom,0.133
Vietnam,Asia,2018,freedom,0.618
Yemen,Asia,2018,freedom,0.244
Zambia,Africa,2018,freedom,0.503
Zimbabwe,Africa,2018,freedom,0.406
Afghanistan,Asia,2017,freedom,0.106
Albania,Europe,2017,freedom,0.381
Algeria,Africa,2017,freedom,0.233
Argentina,South America,2017,freedom,0.495
Armenia,Asia,2017,freedom,0.198
Australia,Oceania,2017,freedom,0.602
Austria,Europe,2017,freedom,0.568
Azerbaijan,Asia,2017,freedom,0.398
Bahrain,Asia,2017,freedom,0.537
Bangladesh,Asia,2017,freedom,0.478
Belarus,Europe,2017,freedom,0.295
Belgium,Europe,2017,freedom,0.54
Benin,Africa,2017,freedom,0.426
Bhutan,Asia,2017,freedom,0.502
Bolivia,South America,2017,freedom,0.559
Bosnia and Herzegovina,Europe,2017,freedom,0.204
Botswana,Africa,2017,freedom,0.505
Brazil,South America,2017,freedom,0.437
Bulgaria,Europe,2017,freedom,0.289
Burkina Faso,Africa,2017,freedom,0.324
Burundi,Africa,2017,freedom,0.06
Cambodia,Asia,2017,freedom,0.633
Cameroon,Africa,2017,freedom,0.43
Canada,North America,2017,freedom,0.611
Central African Republic,Africa,2017,freedom,0.271
Chad,Africa,2017,freedom,0.162
Chile,South America,2017,freedom,0.377
China,Asia,2017,freedom,0.473
Colombia,South America,2017,freedom,0.477
Comoros,Africa,2017,freedom,0
Congo (Brazzaville),Africa,2017,freedom,0.435
Congo (Kinshasa),Africa,2017,freedom,0.236
Costa Rica,North America,2017,freedom,0.58
Croatia,Europe,2017,freedom,0.256
Cyprus,Europe,2017,freedom,0.355
Czech Republic,Europe,2017,freedom,0.491
Denmark,Europe,2017,freedom,0.626
Dominican Republic,North America,2017,freedom,0.553
Ecuador,South America,2017,freedom,0.455
Egypt,Africa,2017,freedom,0.282
El Salvador,North America,2017,freedom,0.432
Estonia,Europe,2017,freedom,0.479
Ethiopia,Africa,2017,freedom,0.409
Finland,Europe,2017,freedom,0.618
France,Europe,2017,freedom,0.47
Gabon,Africa,2017,freedom,0.312
Gambia,Africa,2017,freedom,0
Georgia,Asia,2017,freedom,0.309
Germany,Europe,2017,freedom,0.563
Ghana,Africa,2017,freedom,0.423
Greece,Europe,2017,freedom,0.096
Guatemala,North America,2017,freedom,0.531
Guinea,Africa,2017,freedom,0.349
Haiti,North America,2017,freedom,0.03
Honduras,North America,2017,freedom,0.348
Hong Kong,Asia,2017,freedom,0
Hungary,Europe,2017,freedom,0.176
Iceland,Europe,2017,freedom,0.627
India,Asia,2017,freedom,0.47
Indonesia,Asia,2017,freedom,0.443
Iran,Asia,2017,freedom,0.249
Iraq,Asia,2017,freedom,0.289
Ireland,Europe,2017,freedom,0.573
Israel,Asia,2017,freedom,0.406
Italy,Europe,2017,freedom,0.256
Ivory Coast,Africa,2017,freedom,0.448
Jamaica,North America,2017,freedom,0.474
Japan,Asia,2017,freedom,0.506
Jordan,Asia,2017,freedom,0.418
Kazakhstan,Asia,2017,freedom,0.437
Kenya,Africa,2017,freedom,0.453
Kosovo,Europe,2017,freedom,0.26
Kuwait,Asia,2017,freedom,0.496
Kyrgyzstan,Asia,2017,freedom,0.455
Laos,Asia,2017,freedom,0
Latvia,Europe,2017,freedom,0.326
Lebanon,Asia,2017,freedom,0.289
Lesotho,Africa,2017,freedom,0.391
Liberia,Africa,2017,freedom,0.333
Libya,Africa,2017,freedom,0.466
Lithuania,Europe,2017,freedom,0.234
Luxembourg,Europe,2017,freedom,0.597
Madagascar,Africa,2017,freedom,0.189
Malawi,Africa,2017,freedom,0.467
Malaysia,Asia,2017,freedom,0.402
Mali,Africa,2017,freedom,0.307
Malta,Europe,2017,freedom,0.589
Mauritania,Africa,2017,freedom,0.096
Mauritius,Africa,2017,freedom,0.491
Mexico,North America,2017,freedom,0.413
Moldova,Europe,2017,freedom,0.241
Mongolia,Asia,2017,freedom,0.394
Montenegro,Europe,2017,freedom,0.195
Morocco,Africa,2017,freedom,0.408
Mozambique,Africa,2017,freedom,0.481
Myanmar,Asia,2017,freedom,0.514
Namibia,Africa,2017,freedom,0.52
Nepal,Asia,2017,freedom,0.44
Netherlands,Europe,2017,freedom,0.585
New Zealand,Oceania,2017,freedom,0.614
Nicaragua,North America,2017,freedom,0.448
Niger,Africa,2017,freedom,0.364
Nigeria,Africa,2017,freedom,0.395
North Macedonia,Europe,2017,freedom,0
Northern Cyprus,Asia,2017,freedom,0
Norway,Europe,2017,freedom,0.635
Pakistan,Asia,2017,freedom,0.235
Palestinian Territories,Asia,2017,freedom,0.255
Panama,North America,2017,freedom,0.55
Paraguay,South America,2017,freedom,0.474
Peru,South America,2017,freedom,0.45
Philippines,Asia,2017,freedom,0.585
Poland,Europe,2017,freedom,0.52
Portugal,Europe,2017,freedom,0.498
Qatar,Asia,2017,freedom,0.604
Romania,Europe,2017,freedom,0.457
Russia,Europe,2017,freedom,0.374
Rwanda,Africa,2017,freedom,0.582
Saudi Arabia,Asia,2017,freedom,0.45
Senegal,Africa,2017,freedom,0.378
Serbia,Europe,2017,freedom,0.209
Sierra Leone,Africa,2017,freedom,0.319
Singapore,Asia,2017,freedom,0.55
Slovakia,Europe,2017,freedom,0.296
Slovenia,Europe,2017,freedom,0.573
Somalia,Africa,2017,freedom,0.602
South Africa,Africa,2017,freedom,0.479
South Korea,Asia,2017,freedom,0.258
South Sudan,Africa,2017,freedom,0.147
Spain,Europe,2017,freedom,0.409
Sri Lanka,Asia,2017,freedom,0.561
Swaziland,Africa,2017,freedom,0
Sweden,Europe,2017,freedom,0.613
Switzerland,Europe,2017,freedom,0.62
Syria,Asia,2017,freedom,0.082
Taiwan,Asia,2017,freedom,0
Tajikistan,Asia,2017,freedom,0.472
Tanzania,Africa,2017,freedom,0.39
Thailand,Asia,2017,freedom,0.58
Togo,Africa,2017,freedom,0.38
Trinidad & Tobago,South America,2017,freedom,0
Tunisia,Africa,2017,freedom,0.29
Turkey,Asia,2017,freedom,0.301
Turkmenistan,Asia,2017,freedom,0.418
Uganda,Africa,2017,freedom,0.443
Ukraine,Europe,2017,freedom,0.123
United Arab Emirates,Asia,2017,freedom,0.608
United Kingdom,Europe,2017,freedom,0.508
United States,North America,2017,freedom,0.506
Uruguay,South America,2017,freedom,0.579
Uzbekistan,Asia,2017,freedom,0.658
Venezuela,South America,2017,freedom,0.154
Vietnam,Asia,2017,freedom,0.571
Yemen,Asia,2017,freedom,0.249
Zambia,Africa,2017,freedom,0.462
Zimbabwe,Africa,2017,freedom,0.336
Afghanistan,Asia,2016,freedom,0.164
Albania,Europe,2016,freedom,0.319
Algeria,Africa,2016,freedom,0.21
Argentina,South America,2016,freedom,0.423
Armenia,Asia,2016,freedom,0.14
Australia,Oceania,2016,freedom,0.568
Austria,Europe,2016,freedom,0.544
Azerbaijan,Asia,2016,freedom,0.353
Bahrain,Asia,2016,freedom,0.474
Bangladesh,Asia,2016,freedom,0.398
Belarus,Europe,2016,freedom,0.291
Belgium,Europe,2016,freedom,0.514
Benin,Africa,2016,freedom,0.397
Bhutan,Asia,2016,freedom,0.461
Bolivia,South America,2016,freedom,0.51
Bosnia and Herzegovina,Europe,2016,freedom,0.095
Botswana,Africa,2016,freedom,0.441
Brazil,South America,2016,freedom,0.404
Bulgaria,Europe,2016,freedom,0.212
Burkina Faso,Africa,2016,freedom,0.334
Burundi,Africa,2016,freedom,0.043
Cambodia,Asia,2016,freedom,0.589
Cameroon,Africa,2016,freedom,0.427
Canada,North America,2016,freedom,0.574
Central African Republic,Africa,2016,freedom,0
Chad,Africa,2016,freedom,0.128
Chile,South America,2016,freedom,0.378
China,Asia,2016,freedom,0.44
Colombia,South America,2016,freedom,0.447
Comoros,Africa,2016,freedom,0.154
Congo (Brazzaville),Africa,2016,freedom,0.379
Congo (Kinshasa),Africa,2016,freedom,0.156
Costa Rica,North America,2016,freedom,0.552
Croatia,Europe,2016,freedom,0.239
Cyprus,Europe,2016,freedom,0.295
Czech Republic,Europe,2016,freedom,0.414
Denmark,Europe,2016,freedom,0.579
Dominican Republic,North America,2016,freedom,0.523
Ecuador,South America,2016,freedom,0.403
Egypt,Africa,2016,freedom,0.188
El Salvador,North America,2016,freedom,0.373
Estonia,Europe,2016,freedom,0.415
Ethiopia,Africa,2016,freedom,0.367
Finland,Europe,2016,freedom,0.571
France,Europe,2016,freedom,0.466
Gabon,Africa,2016,freedom,0.281
Gambia,Africa,2016,freedom,0
Georgia,Asia,2016,freedom,0.325
Germany,Europe,2016,freedom,0.535
Ghana,Africa,2016,freedom,0.41
Greece,Europe,2016,freedom,0.058
Guatemala,North America,2016,freedom,0.504
Guinea,Africa,2016,freedom,0.31
Haiti,North America,2016,freedom,0.121
Honduras,North America,2016,freedom,0.268
Hong Kong,Asia,2016,freedom,0.481
Hungary,Europe,2016,freedom,0.198
Iceland,Europe,2016,freedom,0.566
India,Asia,2016,freedom,0.403
Indonesia,Asia,2016,freedom,0.392
Iran,Asia,2016,freedom,0.225
Iraq,Asia,2016,freedom,0.249
Ireland,Europe,2016,freedom,0.54
Israel,Asia,2016,freedom,0.364
Italy,Europe,2016,freedom,0.188
Ivory Coast,Africa,2016,freedom,0.407
Jamaica,North America,2016,freedom,0.436
Japan,Asia,2016,freedom,0.468
Jordan,Asia,2016,freedom,0.36
Kazakhstan,Asia,2016,freedom,0.405
Kenya,Africa,2016,freedom,0.406
Kosovo,Europe,2016,freedom,0.144
Kuwait,Asia,2016,freedom,0.432
Kyrgyzstan,Asia,2016,freedom,0.402
Laos,Asia,2016,freedom,0.522
Latvia,Europe,2016,freedom,0.28
Lebanon,Asia,2016,freedom,0.262
Lesotho,Africa,2016,freedom,0
Liberia,Africa,2016,freedom,0.257
Libya,Africa,2016,freedom,0.407
Lithuania,Europe,2016,freedom,0.189
Luxembourg,Europe,2016,freedom,0.549
Madagascar,Africa,2016,freedom,0.137
Malawi,Africa,2016,freedom,0.414
Malaysia,Asia,2016,freedom,0.39
Mali,Africa,2016,freedom,0.275
Malta,Europe,2016,freedom,0.55
Mauritania,Africa,2016,freedom,0.127
Mauritius,Africa,2016,freedom,0.461
Mexico,North America,2016,freedom,0.377
Moldova,Europe,2016,freedom,0.252
Mongolia,Asia,2016,freedom,0.36
Montenegro,Europe,2016,freedom,0.151
Morocco,Africa,2016,freedom,0.256
Mozambique,Africa,2016,freedom,0
Myanmar,Asia,2016,freedom,0.427
Namibia,Africa,2016,freedom,0.486
Nepal,Asia,2016,freedom,0.37
Netherlands,Europe,2016,freedom,0.552
New Zealand,Oceania,2016,freedom,0.581
Nicaragua,North America,2016,freedom,0.466
Niger,Africa,2016,freedom,0.38
Nigeria,Africa,2016,freedom,0.279
North Macedonia,Europe,2016,freedom,0
Northern Cyprus,Asia,2016,freedom,0
Norway,Europe,2016,freedom,0.596
Pakistan,Asia,2016,freedom,0.146
Palestinian Territories,Asia,2016,freedom,0.177
Panama,North America,2016,freedom,0.489
Paraguay,South America,2016,freedom,0.462
Peru,South America,2016,freedom,0.375
Philippines,Asia,2016,freedom,0.549
Poland,Europe,2016,freedom,0.452
Portugal,Europe,2016,freedom,0.447
Qatar,Asia,2016,freedom,0.567
Romania,Europe,2016,freedom,0.367
Russia,Europe,2016,freedom,0.327
Rwanda,Africa,2016,freedom,0.543
Saudi Arabia,Asia,2016,freedom,0.379
Senegal,Africa,2016,freedom,0.311
Serbia,Europe,2016,freedom,0.157
Sierra Leone,Africa,2016,freedom,0.307
Singapore,Asia,2016,freedom,0.488
Slovakia,Europe,2016,freedom,0.234
Slovenia,Europe,2016,freedom,0.532
Somalia,Africa,2016,freedom,0.568
South Africa,Africa,2016,freedom,0.425
South Korea,Asia,2016,freedom,0.252
South Sudan,Africa,2016,freedom,0.197
Spain,Europe,2016,freedom,0.375
Sri Lanka,Asia,2016,freedom,0.508
Swaziland,Africa,2016,freedom,0
Sweden,Europe,2016,freedom,0.582
Switzerland,Europe,2016,freedom,0.586
Syria,Asia,2016,freedom,0.069
Taiwan,Asia,2016,freedom,0.324
Tajikistan,Asia,2016,freedom,0.434
Tanzania,Africa,2016,freedom,0.318
Thailand,Asia,2016,freedom,0.496
Togo,Africa,2016,freedom,0.347
Trinidad & Tobago,South America,2016,freedom,0
Tunisia,Africa,2016,freedom,0.236
Turkey,Asia,2016,freedom,0.239
Turkmenistan,Asia,2016,freedom,0.374
Uganda,Africa,2016,freedom,0.437
Ukraine,Europe,2016,freedom,0.129
United Arab Emirates,Asia,2016,freedom,0.562
United Kingdom,Europe,2016,freedom,0.5
United States,North America,2016,freedom,0.482
Uruguay,South America,2016,freedom,0.544
Uzbekistan,Asia,2016,freedom,0.608
Venezuela,South America,2016,freedom,0.198
Vietnam,Asia,2016,freedom,0.56
Yemen,Asia,2016,freedom,0.229
Zambia,Africa,2016,freedom,0.427
Zimbabwe,Africa,2016,freedom,0.254
Afghanistan,Asia,2015,freedom,0.234
Albania,Europe,2015,freedom,0.357
Algeria,Africa,2015,freedom,0.286
Argentina,South America,2015,freedom,0.45
Armenia,Asia,2015,freedom,0.198
Australia,Oceania,2015,freedom,0.651
Austria,Europe,2015,freedom,0.624
Azerbaijan,Asia,2015,freedom,0.37
Bahrain,Asia,2015,freedom,0.455
Bangladesh,Asia,2015,freedom,0.408
Belarus,Europe,2015,freedom,0.379
Belgium,Europe,2015,freedom,0.585
Benin,Africa,2015,freedom,0.485
Bhutan,Asia,2015,freedom,0.532
Bolivia,South America,2015,freedom,0.574
Bosnia and Herzegovina,Europe,2015,freedom,0.092
Botswana,Africa,2015,freedom,0.495
Brazil,South America,2015,freedom,0.49
Bulgaria,Europe,2015,freedom,0.306
Burkina Faso,Africa,2015,freedom,0.395
Burundi,Africa,2015,freedom,0.119
Cambodia,Asia,2015,freedom,0.662
Cameroon,Africa,2015,freedom,0.493
Canada,North America,2015,freedom,0.633
Central African Republic,Africa,2015,freedom,0.489
Chad,Africa,2015,freedom,0.235
Chile,South America,2015,freedom,0.441
China,Asia,2015,freedom,0.517
Colombia,South America,2015,freedom,0.535
Comoros,Africa,2015,freedom,0.229
Congo (Brazzaville),Africa,2015,freedom,0.415
Congo (Kinshasa),Africa,2015,freedom,0.226
Costa Rica,North America,2015,freedom,0.634
Croatia,Europe,2015,freedom,0.259
Cyprus,Europe,2015,freedom,0.407
Czech Republic,Europe,2015,freedom,0.464
Denmark,Europe,2015,freedom,0.649
Dominican Republic,North America,2015,freedom,0.577
Ecuador,South America,2015,freedom,0.486
Egypt,Africa,2015,freedom,0.173
El Salvador,North America,2015,freedom,0.404
Estonia,Europe,2015,freedom,0.449
Ethiopia,Africa,2015,freedom,0.435
Finland,Europe,2015,freedom,0.642
France,Europe,2015,freedom,0.55
Gabon,Africa,2015,freedom,0.319
Gambia,Africa,2015,freedom,0
Georgia,Asia,2015,freedom,0.406
Germany,Europe,2015,freedom,0.615
Ghana,Africa,2015,freedom,0.423
Greece,Europe,2015,freedom,0.077
Guatemala,North America,2015,freedom,0.577
Guinea,Africa,2015,freedom,0.377
Haiti,North America,2015,freedom,0.244
Honduras,North America,2015,freedom,0.401
Hong Kong,Asia,2015,freedom,0.596
Hungary,Europe,2015,freedom,0.321
Iceland,Europe,2015,freedom,0.629
India,Asia,2015,freedom,0.398
Indonesia,Asia,2015,freedom,0.466
Iran,Asia,2015,freedom,0.3
Iraq,Asia,2015,freedom,0
Ireland,Europe,2015,freedom,0.618
Israel,Asia,2015,freedom,0.413
Italy,Europe,2015,freedom,0.262
Ivory Coast,Africa,2015,freedom,0.469
Jamaica,North America,2015,freedom,0.504
Japan,Asia,2015,freedom,0.496
Jordan,Asia,2015,freedom,0.407
Kazakhstan,Asia,2015,freedom,0.516
Kenya,Africa,2015,freedom,0.422
Kosovo,Europe,2015,freedom,0.247
Kuwait,Asia,2015,freedom,0.555
Kyrgyzstan,Asia,2015,freedom,0.435
Laos,Asia,2015,freedom,0.596
Latvia,Europe,2015,freedom,0.297
Lebanon,Asia,2015,freedom,0.339
Lesotho,Africa,2015,freedom,0.318
Liberia,Africa,2015,freedom,0.285
Libya,Africa,2015,freedom,0.417
Lithuania,Europe,2015,freedom,0.213
Luxembourg,Europe,2015,freedom,0.616
Madagascar,Africa,2015,freedom,0.192
Malawi,Africa,2015,freedom,0.431
Malaysia,Asia,2015,freedom,0.53
Mali,Africa,2015,freedom,0.389
Malta,Europe,2015,freedom,0.604
Mauritania,Africa,2015,freedom,0.242
Mauritius,Africa,2015,freedom,0.561
Mexico,North America,2015,freedom,0.482
Moldova,Europe,2015,freedom,0.328
Mongolia,Asia,2015,freedom,0.436
Montenegro,Europe,2015,freedom,0.183
Morocco,Africa,2015,freedom,0.417
Mozambique,Africa,2015,freedom,0.34
Myanmar,Asia,2015,freedom,0.44
Namibia,Africa,2015,freedom,0
Nepal,Asia,2015,freedom,0.383
Netherlands,Europe,2015,freedom,0.616
New Zealand,Oceania,2015,freedom,0.639
Nicaragua,North America,2015,freedom,0.555
Niger,Africa,2015,freedom,0.477
Nigeria,Africa,2015,freedom,0.343
North Macedonia,Europe,2015,freedom,0
Northern Cyprus,Asia,2015,freedom,0
Norway,Europe,2015,freedom,0.67
Pakistan,Asia,2015,freedom,0.121
Palestinian Territories,Asia,2015,freedom,0.245
Panama,North America,2015,freedom,0.542
Paraguay,South America,2015,freedom,0.539
Peru,South America,2015,freedom,0.415
Philippines,Asia,2015,freedom,0.625
Poland,Europe,2015,freedom,0.531
Portugal,Europe,2015,freedom,0.515
Qatar,Asia,2015,freedom,0.64
Romania,Europe,2015,freedom,0.351
Russia,Europe,2015,freedom,0.367
Rwanda,Africa,2015,freedom,0.592
Saudi Arabia,Asia,2015,freedom,0.31
Senegal,Africa,2015,freedom,0.368
Serbia,Europe,2015,freedom,0.201
Sierra Leone,Africa,2015,freedom,0.408
Singapore,Asia,2015,freedom,0.543
Slovakia,Europe,2015,freedom,0.318
Slovenia,Europe,2015,freedom,0.609
Somalia,Africa,2015,freedom,0
South Africa,Africa,2015,freedom,0.332
South Korea,Asia,2015,freedom,0.332
South Sudan,Africa,2015,freedom,0
Spain,Europe,2015,freedom,0.46
Sri Lanka,Asia,2015,freedom,0.537
Swaziland,Africa,2015,freedom,0.307
Sweden,Europe,2015,freedom,0.66
Switzerland,Europe,2015,freedom,0.666
Syria,Asia,2015,freedom,0.157
Taiwan,Asia,2015,freedom,0.397
Tajikistan,Asia,2015,freedom,0.472
Tanzania,Africa,2015,freedom,0.329
Thailand,Asia,2015,freedom,0.557
Togo,Africa,2015,freedom,0.365
Trinidad & Tobago,South America,2015,freedom,0
Tunisia,Africa,2015,freedom,0.263
Turkey,Asia,2015,freedom,0.228
Turkmenistan,Asia,2015,freedom,0.476
Uganda,Africa,2015,freedom,0.457
Ukraine,Europe,2015,freedom,0.251
United Arab Emirates,Asia,2015,freedom,0.642
United Kingdom,Europe,2015,freedom,0.596
United States,North America,2015,freedom,0.546
Uruguay,South America,2015,freedom,0.604
Uzbekistan,Asia,2015,freedom,0.658
Venezuela,South America,2015,freedom,0.429
Vietnam,Asia,2015,freedom,0.594
Yemen,Asia,2015,freedom,0.356
Zambia,Africa,2015,freedom,0.488
Zimbabwe,Africa,2015,freedom,0.259
